Type,Link1,Link2
光電,index2real.aspx?stockType=T&groupId=26&stitle=%e5%85%89%e9%9b%bb,index2real.aspx?stockType=O&groupId=26&stitle=%e5%85%89%e9%9b%bb
其他,index2real.aspx?stockType=T&groupId=20&stitle=%e5%85%b6%e4%bb%96,index2real.aspx?stockType=O&groupId=20&stitle=%e5%85%b6%e4%bb%96
其他電子,index2real.aspx?stockType=T&groupId=31&stitle=%e5%85%b6%e4%bb%96%e9%9b%bb%e5%ad%90,index2real.aspx?stockType=O&groupId=31&stitle=%e5%85%b6%e4%bb%96%e9%9b%bb%e5%ad%90
化學,index2real.aspx?stockType=T&groupId=21&stitle=%e5%8c%96%e5%ad%b8,Na
化工,index2real.aspx?stockType=O&groupId=21&stitle=%e5%8c%96%e5%b7%a5,Na
半導體,index2real.aspx?stockType=T&groupId=24&stitle=%e5%8d%8a%e5%b0%8e%e9%ab%94,index2real.aspx?stockType=O&groupId=24&stitle=%e5%8d%8a%e5%b0%8e%e9%ab%94
塑膠,index2real.aspx?stockType=T&groupId=03&stitle=%e5%a1%91%e8%86%a0,index2real.aspx?stockType=O&groupId=03&stitle=%e5%a1%91%e8%86%a0
橡膠,index2real.aspx?stockType=T&groupId=11&stitle=%e6%a9%a1%e8%86%a0,index2real.aspx?stockType=O&groupId=11&stitle=%e6%a9%a1%e8%86%a0
水泥,index2real.aspx?stockType=T&groupId=01&stitle=%e6%b0%b4%e6%b3%a5,Na
汽車,index2real.aspx?stockType=T&groupId=12&stitle=%e6%b1%bd%e8%bb%8a,Na
油電燃氣,index2real.aspx?stockType=T&groupId=23&stitle=%e6%b2%b9%e9%9b%bb%e7%87%83%e6%b0%a3,index2real.aspx?stockType=O&groupId=23&stitle=%e6%b2%b9%e9%9b%bb%e7%87%83%e6%b0%a3
營造,index2real.aspx?stockType=T&groupId=14&stitle=%e7%87%9f%e9%80%a0,index2real.aspx?stockType=O&groupId=14&stitle=%e7%87%9f%e9%80%a0
玻璃,index2real.aspx?stockType=T&groupId=08&stitle=%e7%8e%bb%e7%92%83,index2real.aspx?stockType=O&groupId=08&stitle=%e7%8e%bb%e7%92%83
生技,index2real.aspx?stockType=T&groupId=22&stitle=%e7%94%9f%e6%8a%80,Na
百貨,index2real.aspx?stockType=T&groupId=18&stitle=%e7%99%be%e8%b2%a8,index2real.aspx?stockType=O&groupId=18&stitle=%e7%99%be%e8%b2%a8
紡織,index2real.aspx?stockType=T&groupId=04&stitle=%e7%b4%a1%e7%b9%94,index2real.aspx?stockType=O&groupId=04&stitle=%e7%b4%a1%e7%b9%94
觀光,index2real.aspx?stockType=T&groupId=16&stitle=%e8%a7%80%e5%85%89,index2real.aspx?stockType=O&groupId=16&stitle=%e8%a7%80%e5%85%89
資訊服務,index2real.aspx?stockType=T&groupId=30&stitle=%e8%b3%87%e8%a8%8a%e6%9c%8d%e5%8b%99,index2real.aspx?stockType=O&groupId=30&stitle=%e8%b3%87%e8%a8%8a%e6%9c%8d%e5%8b%99
通信網路,index2real.aspx?stockType=T&groupId=27&stitle=%e9%80%9a%e4%bf%a1%e7%b6%b2%e8%b7%af,index2real.aspx?stockType=O&groupId=27&stitle=%e9%80%9a%e4%bf%a1%e7%b6%b2%e8%b7%af
造紙,index2real.aspx?stockType=T&groupId=09&stitle=%e9%80%a0%e7%b4%99,Na
運輸,index2real.aspx?stockType=T&groupId=15&stitle=%e9%81%8b%e8%bc%b8,index2real.aspx?stockType=O&groupId=15&stitle=%e9%81%8b%e8%bc%b8
金融,index2real.aspx?stockType=T&groupId=17&stitle=%e9%87%91%e8%9e%8d,index2real.aspx?stockType=O&groupId=17&stitle=%e9%87%91%e8%9e%8d
鋼鐵,index2real.aspx?stockType=T&groupId=10&stitle=%e9%8b%bc%e9%90%b5,index2real.aspx?stockType=O&groupId=10&stitle=%e9%8b%bc%e9%90%b5
電器,index2real.aspx?stockType=T&groupId=06&stitle=%e9%9b%bb%e5%99%a8,index2real.aspx?stockType=O&groupId=06&stitle=%e9%9b%bb%e5%99%a8
電子通路,index2real.aspx?stockType=T&groupId=29&stitle=%e9%9b%bb%e5%ad%90%e9%80%9a%e8%b7%af,index2real.aspx?stockType=O&groupId=29&stitle=%e9%9b%bb%e5%ad%90%e9%80%9a%e8%b7%af
電子零件,index2real.aspx?stockType=T&groupId=28&stitle=%e9%9b%bb%e5%ad%90%e9%9b%b6%e4%bb%b6,index2real.aspx?stockType=O&groupId=28&stitle=%e9%9b%bb%e5%ad%90%e9%9b%b6%e4%bb%b6
電機,index2real.aspx?stockType=T&groupId=05&stitle=%e9%9b%bb%e6%a9%9f,index2real.aspx?stockType=O&groupId=05&stitle=%e9%9b%bb%e6%a9%9f
電腦週邊,index2real.aspx?stockType=T&groupId=25&stitle=%e9%9b%bb%e8%85%a6%e9%80%b1%e9%82%8a,index2real.aspx?stockType=O&groupId=25&stitle=%e9%9b%bb%e8%85%a6%e9%80%b1%e9%82%8a
食品,index2real.aspx?stockType=T&groupId=02&stitle=%e9%a3%9f%e5%93%81,index2real.aspx?stockType=O&groupId=02&stitle=%e9%a3%9f%e5%93%81
